{
    "records": {
        "record": [
            {
                "id": "1",
                "url": "https://www.indiegogo.com/projects/neo-ps1-ultra-short-throw-smart-projector/pies",
                "Creators": "UNICO",
                "Title": "Neo PS1: Ultra-Short Throw Smart Projector",
                "Text": "Big Screen, Small Space: Enjoy 100\" True Full HD from just 45cm (17.7\") away!",
                "DollarsPledged": "579294",
                "DollarsGoal": "18803",
                "NumBackers": "497",
                "DaysToGo": "4",
                "FlexibleGoal": "True"
            }
        ]
    }
}